Sharpe,Sortino,MaxDrawdown,AnnualizedReturn
-0.24598363431353587,-0.36118496657799226,-0.029105096157169556,-0.004442014037175189
