Sharpe,Sortino,MaxDrawdown,AnnualizedReturn
0.011586465733989713,0.01774714181728153,-0.015574296198177054,0.00013337711174185368
