Sharpe,Sortino,MaxDrawdown,AnnualizedReturn
0.9310802298578742,1.4985210508971065,-0.023354477468615294,0.015091284721910535
