Sharpe,Sortino,MaxDrawdown,AnnualizedReturn
0.7516926442578872,1.2629562746672025,-0.01241413343325676,0.013311606782487783
