Sharpe,Sortino,MaxDrawdown,AnnualizedReturn
0.09784791773330555,0.1393028484311293,-0.02351632897252692,0.001412151922275513
