Sharpe,Sortino,MaxDrawdown,AnnualizedReturn
0.5355442209481971,0.8358388360043016,-0.018747318966159932,0.011838279242912808
