Sharpe,Sortino,MaxDrawdown,AnnualizedReturn
-0.6337751162503817,-0.9626114225549628,-0.024166498754695537,-0.009200787446366623
