Sharpe,Sortino,MaxDrawdown,AnnualizedReturn
0.9671225689637091,1.5440572381811515,-0.016966011013010717,0.01935702405348204
