Sharpe,Sortino,MaxDrawdown,AnnualizedReturn
-0.1883768977096501,-0.28186999724263384,-0.022489501535971766,-0.0027140364515986816
