Sharpe,Sortino,MaxDrawdown,AnnualizedReturn
0.3324105986038987,0.5370587754578001,-0.02326420046851223,0.00551156874087896
